{
    "Appetizers": [
        {
            "menuItem": "Potato Skins",
            "calories": 500,
            "price": "25 bitcoin"
        },
        {
            "menuItem": "Fried Pickles",
            "calories": 1000,
            "price": "3 bitcoin"
        },
        {
            "menuItem": "Nachos",
            "calories": 200,
            "price": "25 bitcoin"
        }
    ],
    "Cold Sandwiches": [
        {
            "menuItem": "Turkey Sandwich",
            "calories": 900,
            "price": "4 bitcoin"
        },
        {
            "menuItem": "Ham Sandwich",
            "calories": 700,
            "price": "6 bitcoin"
        },
        {
            "menuItem": "French Dip",
            "calories": 800,
            "price": "5 bitcoin"
        }
    ],
    "Hot Sandwiches": [
        {
            "menuItem": "Roast Beef",
            "calories": 400,
            "price": "8 bitcoin"
        },
        {
            "menuItem": "Rueben",
            "calories": 500,
            "price": "9 bitcoin"
        },
        {
            "menuItem": "Steak & Cheese",
            "calories": 300,
            "price": "6 bitcoin"
        }
    ],
    "Desserts": [
        {
            "menuItem": "Chocolate Cake",
            "calories": 500,
            "price": "2 bitcoin"
        },
        {
            "menuItem": "Ice Cream",
            "calories": 200,
            "price": "2 bitcoin"
        },
        {
            "menuItem": "Pudding",
            "calories": 700,
            "price": "2 bitcoin"
        }
    ],
    "Drinks": [
        {
            "menuItem": "Coke",
            "calories": 100,
            "price": "1 bitcoin"
        },
        {
            "menuItem": "Water",
            "calories": 100,
            "price": "1 bitcoin"
        },
        {
            "menuItem": "Tea",
            "calories": 100,
            "price": "1 bitcoin"
        }
    ]
}
